,Form_Type,Accession_Number,Date_Filed,Transaction_Date,Event_Date,Issuer_CIK,Official_Issuer_Name,Reporting_Owner_CIK,Official_Reporting_Owner_Name,Ticker,Is_Institutional
1046876,F4,0001181431-08-066248,2008-12-09,2008-12-05,,798955,cost plus inc/ca/,1181431,unknown,X0303,False
10659,F4,0001208428-10-000006,2010-05-20,2010-05-18,,863110,artesian resources corp,1208428,taylor dian c,X0303,False
6055995,F4,0001127602-25-017367,2025-06-12,2025-06-11,,798783,universal health realty income trust,1127602,restricted stock systems inc,X0508,True
3367020,F4,0001140361-11-013187,2011-03-01,2011-02-25,,350907,thoratec laboratories corp,1140361,edgarfilings ltd,X0303,True
1545684,F4,0000042888-12-000088,2012-04-20,,,1190813,morfitt martha a m,42888,graco inc,X0305,True
11472135,F10Q,0001085869-12-000039,2012-08-02,,,0,unknown,1085869,perficient inc,,True
9451006,F8K,0001127264-03-000115,2003-08-29,,,0,unknown,1127264,unknown,,False
6233719,F4,0001676238-24-000026,2024-02-21,2024-02-16,,1888932,magnuson william,1676238,"braze, inc.",X0508,True
7024093,F4,0001140361-08-010877,2008-05-01,2008-04-29,,277638,davey tree expert co,1140361,edgarfilings ltd,NONE,True
9251837,F8K,0001193125-21-325138,2021-11-10,2021-11-09,,0,unknown,1193125,unknown,,False
1832086,F4,0001037599-09-000004,2009-01-09,2008-12-31,,1168600,edgington bruce e,1037599,didax inc,X0303,True
7634137,F4,0001209191-08-000125,2008-01-02,2007-12-31,,78536,transmedia network inc /de/,1209191,unknown,IRN,False
5337909,F4,0000897069-23-001732,2023-12-07,2023-12-05,,886128,fuelcell energy inc,897069,foley & lardner/ fa,X0508,False
11126750,F10K,0000814453-17-000027,2017-03-01,,,0,unknown,814453,newell rubbermaid inc,,True
3475951,F4,0001246360-17-003187,2017-12-04,2017-12-02,,1024478,rockwell international corp,1246360,morse elizabeth myers,ROK,False
3375686,F4,0001722438-22-000121,2022-07-21,2022-07-19,,1543844,smith michael alan,1722438,"doma holdings, inc.",DOMA,True
9310452,F8K,0001193125-12-152089,2012-04-05,,,0,unknown,1193125,unknown,,False
11282110,F10Q,0001193125-05-157725,2005-08-04,,,0,unknown,1193125,unknown,,False
3269058,F4,0000866368-05-000023,2005-05-18,,,1201889,burns r wesley,866368,public storage properties xi inc,PSB,True
9497310,F8K,0000950124-07-000446,2007-01-25,,,0,unknown,950124,bowne of detroit inc 01/fa,,True
35021,F4,0001140361-17-017481,2017-05-01,2017-04-28,,314489,first busey corp /nv/,1140361,edgarfilings ltd,BUSE,True
950310,F4,0001144204-09-029470,2009-05-26,2009-05-22,,1273801,northstar realty finance corp.,1144204,unknown,X0303,False
11476042,F10Q,0000950170-23-040491,2023-08-09,,,0,unknown,950170,unknown,,False
8454883,F4,0001209191-23-020760,2023-03-23,2023-03-21,,862831,financial institutions inc,1209191,unknown,X0407,False
6868461,F4,0000950170-23-068856,2023-12-07,2023-12-05,,1237831,globus medical inc,950170,unknown,X0508,False
3247455,F4,0001140361-10-024694,2010-06-08,2010-05-13,,1328650,"bronco drilling company, inc.",1140361,edgarfilings ltd,X0303,True
3256778,F4,0001437749-17-002885,2017-02-21,2017-02-17,,1121484,"oil states international, inc",1437749,unknown,OIS,False
8308291,F4,0000067716-05-000097,2005-05-19,2005-05-18,,1285204,sandness paul k,67716,mdu resources group inc,MDU,True
1711476,F4,0001589357-13-000009,2013-12-04,2013-12-02,,317771,tellabs inc,1589357,unknown,TLAB,False
857251,F4,0000914139-10-000033,2010-09-13,2010-09-09,,937453,parker jeffrey,914139,parkervision inc,X0303,True
9378650,F8K,0001104659-14-004410,2014-01-28,,,0,unknown,1104659,toppan merrill/fa,,False
9990119,F8K,0001144204-14-058729,2014-09-30,,,0,unknown,1144204,unknown,,False
8963659,F4,0001209191-19-004464,2019-01-18,2019-01-17,,944809,"opko health, inc.",1209191,unknown,OPK,False
8320727,F4,0000018230-03-000155,2003-04-03,,,0,unknown,18230,caterpillar inc,,True
5581270,F4,0001209191-08-055537,2008-10-06,2008-10-02,,876523,ezcorp inc,1209191,unknown,X0303,False
6558478,F4,0001127602-14-007356,2014-02-20,2014-02-18,,21344,coca cola co,1127602,restricted stock systems inc,KO,True
9993257,F8K,0001003564-06-000006,2006-06-01,,,0,unknown,1003564,metris master trust,,True
8342129,F4,0001378848-14-000005,2014-05-16,2014-05-14,,896841,"avid technology, inc.",1378848,wilbert frederick john,AVID,False
7468605,F4,0001209191-07-060396,2007-10-30,2007-10-27,,811669,ust inc,1209191,unknown,UST,False
9367321,F8K,0001323885-22-000113,2022-11-01,,,0,unknown,1323885,"atricure, inc.",,True
8248933,F4,0001810019-23-000003,2023-01-04,2022-12-31,,1892103,marino mark a.,1810019,"rackspace technology, inc.",RXT,True
3108020,F4,0001209191-19-003070,2019-01-09,2019-01-07,,1293971,genetix pharmaceuticals inc,1209191,unknown,BLUE,False
3968323,F4,0001144204-13-050303,2013-09-11,2013-08-20,,1230355,trans1 inc,1144204,unknown,BAXS,False
1484085,F4,0001127602-11-029453,2011-11-14,2011-11-09,,773910,anadarko petroleum corp,1127602,restricted stock systems inc,X0304,True
3512057,F4,0001312548-09-000002,2009-02-06,2009-02-04,,1096958,opentv corp,1312548,"discovery group i, llc",X0303,True
4481152,F4,0000807249-09-000412,2009-05-28,2009-05-27,,1165002,westwood holdings group inc,807249,"gamco investors, inc. et al",X0303,True
1403198,F4,0001183681-12-000066,2012-08-17,2012-08-15,,789019,microsoft corp,1183681,brod frank h,MSFT,False
10056729,F8K,0001193125-06-092575,2006-04-28,,,0,unknown,1193125,unknown,,False
8900283,F4,0000920371-17-000030,2017-02-07,2017-02-04,,1601647,dankel roger,920371,"simpson manufacturing co., inc.",SSD,True
903500,F4,0001140361-17-035294,2017-09-13,2017-09-12,,67625,monmouth real estate investment corp,1140361,edgarfilings ltd,MNR,True
2070216,F4,0001159297-14-000052,2014-04-30,2014-04-28,,1039026,martore gracia c,1159297,mw holding corp,MWV,True
3924351,F4,0001179110-11-011031,2011-07-19,2011-07-15,,1125914,opentable inc,1179110,unknown,X0303,False
5951006,F4,0001181431-10-018556,2010-03-29,2010-01-07,,1071341,sanders morris harris group inc,1181431,unknown,X0303,False
1009093,F4,0000886163-10-000013,2010-01-28,2009-02-15,,1280564,meglasson martin,886163,ligand pharmaceuticals inc,X0303,True
11009343,F8K,0001213900-21-049848,2021-09-27,,,0,unknown,1213900,unknown,,False
644905,F4,0001241838-03-000005,2003-09-03,2003-08-29,,1109740,catuity inc,1241838,howe michael v,X0201,False
5117203,F4,0001209191-04-050088,2004-10-29,2004-10-27,,797721,viasat inc,1209191,unknown,VSAT,False
9009347,F4,0001209191-06-065372,2006-12-18,2006-12-14,,320345,micros systems inc,1209191,unknown,MCRS,False
1526655,F4,0001246360-13-004642,2013-10-15,2013-10-11,,818479,dentsply sirona inc.,1246360,morse elizabeth myers,XRAY,False
11078620,F10K,0001308179-13-000027,2013-02-13,,,0,unknown,1308179,unknown,,False
831931,F4,0000095521-04-000174,2004-07-02,2004-07-01,,1074495,gage edwin c,95521,supervalu inc,SVU,True
2220921,F4,0001225208-12-008379,2012-03-28,2012-03-26,,6281,analog devices inc,1225208,unknown,X0305,False
1943924,F4,0001209191-18-060364,2018-11-30,2018-11-29,,1367920,"concert pharmaceuticals, inc.",1209191,unknown,CNCE,False
8841254,F4,0001012975-09-000318,2009-10-19,2009-10-16,,1141103,cross country inc,1012975,unknown,X0303,False
1147170,F4,0001491299-25-000003,2025-08-13,2025-08-12,,1321732,penumbra inc,1491299,wilder thomas,X0508,False
2967051,F4,0000898432-08-000650,2008-07-02,2008-06-30,,314606,geokinetics inc,898432,unknown,X0303,False
7748282,F4,0001144204-07-004564,2007-01-31,2007-01-29,,879911,us home & garden inc,1144204,unknown,IOTN,False
261033,F4,0000899681-08-000983,2008-10-22,2008-10-20,,947429,international wire group inc,899681,unknown,X0303,False
9170996,F4,0001437749-16-028767,2016-03-31,2016-01-01,,8328,atlas mining co,1437749,unknown,AMNL,False
3747341,F4,0001209191-11-062907,2011-12-22,2011-12-21,,1389072,heartware ltd,1209191,unknown,X0304,False
10354919,F8K,0001056404-05-003338,2005-10-03,,,0,unknown,1056404,norwest asset sec corp mort ps thr cert ser 1998-1 trust,,True
1894842,F4,0001562180-18-004344,2018-10-31,2018-10-29,,1455684,"tpi composites, inc",1562180,solium capital inc,TPIC,True
6531495,F4,0001333277-19-000023,2019-01-31,2019-01-29,,1042074,"metabolex, inc.",1333277,quinlan paul t,CBAY,False
6158174,F4,0001161697-14-000425,2014-09-02,2014-08-28,,1369568,"catalyst pharmaceuticals, inc.",1161697,unknown,CPRX,False
10596009,F8K,0000950103-06-000002,2006-01-03,,,0,unknown,950103,unknown,,False
3452998,F4,0001562180-19-001598,2019-03-04,2019-03-01,,1378946,"people's united financial, inc.",1562180,solium capital inc,PBCT,True
3113804,F4,0001392936-11-000004,2011-02-02,2011-02-01,,1375365,"super micro computer, inc.",1392936,tsai hwei-ming fred,X0303,False
4617379,F4,0001054374-15-000137,2015-12-01,2015-11-27,,1463220,kim neil y.,1054374,broadcom corp,BRCM,True
3320227,F4,0001271144-16-000008,2016-10-31,2016-10-28,,1177394,td synnex corp,1271144,silver star deveopments ltd,SNX,True
5207758,F4,0000850606-06-000021,2006-12-22,,,1244405,werner benny n,850606,community financial corp /va/,CFFC,True
10253113,F8K,0000909518-03-000207,2003-04-15,,,0,unknown,909518,weil gotshal & manges 04/fa,,False
11119125,F10K,0001161728-19-000005,2019-02-22,,,0,unknown,1161728,mge energy inc,,True
6110557,F4,0000038725-06-000063,2006-08-18,2006-05-25,,1126448,brady jerome d,38725,franklin electric co inc,FELE,True
4758153,F4,0000921895-10-001330,2010-08-26,2010-08-24,,93859,steak & shake co,921895,olshan grundman frome & rosenzweig,X0303,False
3955674,F4,0000899243-20-010594,2020-04-09,2020-04-06,,1640428,"everquote, inc.",899243,donnelley financial solutions 06/fa,EVER,False
11576312,F10Q,0001193125-08-223030,2008-11-03,,,0,unknown,1193125,unknown,,False
10050085,F8K,0001193125-08-085645,2008-04-21,,,0,unknown,1193125,unknown,,False
10501658,F8K,0001688568-18-000131,2018-11-08,,,0,unknown,1688568,"everett spinco, inc.",,True
10474218,F8K,0001181431-09-035221,2009-07-14,,,0,unknown,1181431,unknown,,False
3565337,F4,0001127602-19-028638,2019-09-18,2019-09-17,,1673358,"yum! china holding, inc.",1127602,restricted stock systems inc,YUMC,True
5581629,F4,0001144204-07-042941,2007-08-14,,,1014733,vdi multimedia,1144204,unknown,PTSX,False
6931015,F4,0001850902-23-000015,2023-05-16,2023-05-12,,1895283,gelhaus ken,1850902,"alpha teknova, inc.",X0407,True
2499265,F4,0001209191-06-033599,2006-05-31,2006-05-30,,26820,phoenix footwear group inc,1209191,unknown,PXG,False
9424136,F8K,0001104659-14-044916,2014-06-10,,,0,unknown,1104659,toppan merrill/fa,,False
2448002,F4,0001140361-07-010354,2007-05-18,,,917968,peets coffee & tea inc,1140361,edgarfilings ltd,PEET,True
6269096,F4,0001415889-25-004755,2025-02-19,2025-02-14,,1746466,"equillium, inc.",1415889,"sec connect, llc",X0508,True
417195,F4,0001437749-22-014106,2022-06-02,2022-05-27,,1083522,urban juice & soda co ltd /wy/,1437749,unknown,JSDA,False
71048,F4,0000086104-05-000010,2005-01-26,2005-01-24,,1185093,cline robert s,86104,safeco corp,SAFC,True
10496310,F8K,0001193125-07-188878,2007-08-24,,,0,unknown,1193125,unknown,,False
9305087,F8K,0001551306-25-000186,2025-11-06,,,0,unknown,1551306,"progyny, inc.",,True
1491152,F4,0001415889-16-006162,2016-06-10,,,1070494,acadia pharmaceuticals inc,1415889,"sec connect, llc",ACAD,True
5906828,F4,0001209191-10-048605,2010-10-04,2010-09-30,,875159,xl group plc,1209191,unknown,X0303,False
6568537,F4,0001241404-04-000024,2004-02-27,2004-02-26,,1078271,extreme networks inc,1241404,unknown,X0201,False
4534257,F4,0001209191-04-047672,2004-10-06,2004-10-05,,833081,pride petroleum services inc,1209191,unknown,PDE,False
2506909,F4,0001509432-13-000040,2013-05-10,2013-05-08,,1511891,barker geoffrey t,1509432,rpx corp,RPXC,True
3398512,F4,0001140361-15-005947,2015-02-12,2015-02-11,,84748,rogers corp,1140361,edgarfilings ltd,ROG,True
3509075,F4,0001127602-15-029706,2015-10-28,2015-10-26,,313143,haemonetics corp,1127602,restricted stock systems inc,HAE,True
3272199,F4,0001181431-06-047094,2006-08-11,,,1040853,pharsight corp,1181431,unknown,PHST,False
8617739,F4,0001209191-23-013917,2023-02-28,2023-02-24,,1124198,fluor corp,1209191,unknown,FLR,False
4979340,F4,0001193125-25-291461,2025-11-21,2025-11-19,,1674862,ashland inc.,1193125,unknown,X0508,False
712581,F4,0000069970-05-000118,2005-05-10,,,1183300,parker ted m,69970,national city corp,NCC,True
6776064,F4,0001182489-18-000102,2018-02-23,2018-02-21,,1413329,philip morris international inc.,1182489,unknown,PM,False
10959244,F8K,0001193125-07-257502,2007-12-03,,,0,unknown,1193125,unknown,,False
6017417,F4,0001225208-18-011932,2018-07-25,2018-07-23,,940944,darden restaurants inc,1225208,unknown,DRI,False
4619657,F4,0001616318-17-000022,2017-02-15,2017-02-13,,1409119,keller robert j,1616318,vista outdoor inc.,VSTO,True
30268,F4,0001628280-24-001990,2024-01-23,2024-01-19,,1600438,gyp holdings i corp.,1628280,unknown,X0508,False
8230743,F4,0001295802-04-000002,2004-06-29,2004-06-25,,101382,united missouri bancshares inc,1295802,gazzoli joseph j,UMBF,False
6695154,F4,0001225208-19-002771,2019-02-15,2019-02-13,,1133421,northrop grumman corp /de/,1225208,unknown,NOC,False
11177650,F10K,0001193125-09-064484,2009-03-26,,,0,unknown,1193125,unknown,,False
3033107,F4,0001181431-13-005771,2013-01-31,2013-01-30,,1524931,"chuy's holdings, inc.",1181431,unknown,CHUY,False
3764095,F4,0000813298-13-000062,2013-08-01,,,1437218,chane francis c,813298,"destination xl group, inc.",DXLG,True
8072042,F4,0000927653-25-000083,2025-07-31,2025-07-30,,1559405,lerman bradley e,927653,mckesson hboc inc,X0508,True
4472632,F4,0001127602-25-001515,2025-01-17,2025-01-16,,2012383,"blackrock, inc.",1127602,restricted stock systems inc,X0508,True
1554617,F4,0000904454-16-001365,2016-08-08,2016-08-04,,1458962,"mindbody, inc.",904454,unknown,MB,False
5947542,F4,0001528129-24-000020,2024-02-09,2024-02-08,,1317424,powell frances r,1528129,"vital energy, inc.",X0508,True
9808321,F8K,0001193125-09-126975,2009-06-08,,,0,unknown,1193125,unknown,,False
7753508,F4,0001209191-20-038467,2020-06-23,2020-06-20,,1540755,"anaplan, inc.",1209191,unknown,PLAN,False
98904,F4,0001127602-13-012986,2013-04-02,2013-03-31,,1274494,"first solar, inc.",1127602,restricted stock systems inc,FSLR,True
2588565,F4,0001139501-08-000003,2008-01-02,,,1095073,everest reinsurance group ltd,1139501,galtney william f jr,RE,False
8284199,F4,0000950170-25-049704,2025-04-02,2025-03-31,,1664703,bloom energy corp,950170,unknown,X0508,False
9245245,F8K,0000909567-04-000481,2004-04-05,,,0,unknown,909567,unknown,,False
2012987,F4,0001209028-04-000106,2004-07-01,2004-06-30,,1218310,smith robert s,1209028,friedman billings ramsey group inc,FBR,True
5736199,F4,0001084869-03-000094,2003-09-30,2003-09-16,,1205164,mccann james f,1084869,1 800 flowers com inc,X0201,True
1755563,F4,0000764401-06-000012,2006-01-10,2006-01-06,,1017474,woltz howard o jr,764401,insteel industries inc,IIIN,True
3755602,F4,0001209191-21-053881,2021-08-30,2021-08-26,,743316,maxim integrated products inc,1209191,unknown,MXIM,False
11603114,F10Q,0001558370-17-008692,2017-11-09,,,0,unknown,1558370,unknown,,False
1107497,F4,0001211493-25-000003,2025-10-02,2025-10-01,,1179929,"molina healthcare, inc.",1211493,orlando steven j,X0508,False
6152308,F4,0001181431-07-062301,2007-10-16,2007-10-12,,1337013,"infusystem holdings, inc",1181431,unknown,AZ,False
1377656,F4,0001628280-22-025263,2022-09-20,2022-09-16,,1653482,gitlab inc.,1628280,unknown,GTLB,False
9817718,F8K,0001157523-03-000727,2003-03-24,,,0,unknown,1157523,unknown,,False
5465235,F4,0001209191-10-037483,2010-07-06,2010-07-01,,1025378,w. p. carey inc.,1209191,unknown,X0303,False
8407536,F4,0001675644-19-000003,2019-07-15,2019-07-11,,1752331,deacon jennifer l,1675644,"fvcbankcorp, inc.",FVCB,True
1614974,F4,0000930420-21-000069,2021-03-12,2021-03-10,,1034045,dunkel david l,930420,romac international inc,KFRC,True
6632362,F4,0001664982-16-000006,2016-02-23,2016-02-20,,1006424,first federal bancshares of arkansas inc,1664982,unknown,BSF,False
6193930,F4,0001197918-09-000007,2009-10-07,2009-10-06,,785787,aep industries inc,1197918,powers john j,X0303,False
7129837,F4,0000916480-06-000033,2006-03-01,2006-02-27,,105076,wausau paper mills co,916480,unknown,WPP,False
1916503,F4,0001209191-08-066811,2008-12-19,2008-09-26,,894405,arkansas best corp /de/,1209191,unknown,X0303,False
7253699,F4,0001464631-14-000004,2014-12-02,2014-12-01,,1449794,"embassy bancorp, inc.",1464631,lobach david m jr,EMYB,False
2757585,F4,0001179110-17-011058,2017-08-03,2017-08-01,,1001838,southern peru copper holding co,1179110,unknown,SCCO,False
3348058,F4,0001246426-09-000035,2009-07-14,2008-12-23,,10795,becton dickinson & co,1246426,unknown,X0303,False
813816,F4,0001230015-07-000002,2007-10-03,2007-10-01,,718482,edwards a g inc,1230015,porter joseph g,AGE,False
11089649,F10K,0001309811-05-000003,2005-03-29,,,0,unknown,1309811,rali series 2004-qs15 trust,,True
2926171,F4,0001492520-18-000006,2018-03-05,2018-03-01,,1486957,"bwx technologies, inc.",1492520,canafax james d,BWXT,False
11286314,F10Q,0001654954-17-005299,2017-06-02,,,0,unknown,1654954,unknown,,False
6411398,F4,0001628280-24-025916,2024-05-30,2024-05-28,,866374,flextronics international ltd.,1628280,unknown,X0508,False
3635373,F4,0001179110-06-005252,2006-03-01,2006-02-28,,1082114,liberty media llc,1179110,unknown,CO,False
10116799,F8K,0001056404-05-002984,2005-08-30,,,0,unknown,1056404,norwest asset sec corp mort ps thr cert ser 1998-1 trust,,True
8136488,F4,0000065984-04-000365,2004-12-02,2004-11-30,,1057591,smith wm clifford,65984,entergy corp/fl,ETR,True
9320895,F8K,0001193125-15-346977,2015-10-19,,,0,unknown,1193125,unknown,,False
1650112,F4,0001209191-22-021835,2022-03-31,2022-03-29,,887733,central garden & pet company,1209191,unknown,CENT,False
9961408,F8K,0000905148-08-002551,2008-05-14,,,0,unknown,905148,sidley austin llp /fa/,,False
4977362,F4,0000737875-05-000013,2005-05-03,2005-05-02,,1236330,fabian  jerome f,737875,first keystone corp,PA,True
3306191,F4,0001209191-04-010551,2004-02-17,2004-02-13,,48898,hubbell inc,1209191,unknown,X0201,False
6844059,F4,0001144204-17-031036,2017-06-05,2017-06-01,,1426800,ventrus biosciences inc,1144204,unknown,ASMB,False
3330529,F4,0000743368-06-000004,2006-01-05,2006-01-03,,1209493,van saun bruce w,743368,bowater inc,BOW,True
9713165,F8K,0001157523-11-006588,2011-11-08,,,0,unknown,1157523,unknown,,False
11610407,F10Q,0000004904-03-000169,2003-05-14,,,0,unknown,4904,american electric power company inc,,True
7736669,F4,0001209191-22-054651,2022-10-26,2022-10-21,,1524223,"manning & napier, inc.",1209191,unknown,MN,False
96622,F4,0001654954-25-002448,2025-03-07,2025-03-04,,1075736,netgateway inc,1654954,unknown,X0508,False
8974074,F4,0001005477-08-003349,2008-05-12,2008-05-10,,1221554,prime sun power inc,1005477,unknown,PSPW,False
7078628,F4,0001127602-13-035630,2013-12-26,2013-12-23,,886137,finish line inc /in/,1127602,restricted stock systems inc,FINL,True
10367172,F8K,0001104659-21-045429,2021-04-01,2021-03-31,,0,unknown,1104659,toppan merrill/fa,,False
6562614,F4,0001209191-13-044436,2013-09-16,2013-09-13,,1032067,meade instruments corp,1209191,unknown,MEAD,False
6398943,F4,0001181431-11-001278,2011-01-04,2010-12-31,,1297336,reachlocal inc,1181431,unknown,X0303,False
7544646,F4,0001209191-13-046477,2013-10-02,2013-09-30,,1061630,capital trust inc,1209191,unknown,BXMT,False
10729490,F8K,0001019687-09-001337,2009-04-13,,,0,unknown,1019687,unknown,,False
4169488,F4,0001415889-13-000778,2013-04-17,2013-04-15,,1070494,acadia pharmaceuticals inc,1415889,"sec connect, llc",ACAD,True
2238777,F4,0001236030-22-000001,2022-01-03,2021-12-31,,725363,cel sci corp,1236030,kersten geert r,CVM,False
5580557,F4,0001127602-12-003455,2012-02-01,2012-01-31,,1224370,"mindspeed technologies, inc",1127602,restricted stock systems inc,X0304,True
596478,F4,0001179110-07-024245,2007-12-31,2007-12-28,,1356093,wireless ronin technologies inc,1179110,unknown,RNIN,False
9726938,F8K,0001580673-19-000047,2019-12-19,,,0,unknown,1580673,"pacific oak strategic opportunity reit ii, inc.",,True
9496751,F8K,0000056978-19-000033,2019-03-01,,,0,unknown,56978,kulicke & soffa industries inc,,True
9399112,F8K,0001144204-12-066978,2012-12-07,,,0,unknown,1144204,unknown,,False
4054130,F4,0000038725-20-000092,2020-04-07,2020-04-03,,1492799,aikman steven william,38725,franklin electric co inc,FELE,True
4307879,F4,0000036995-04-000094,2004-04-22,2004-04-20,,1246957,treanor mark c,36995,wachovia corp new,X0201,True
3938744,F4,0001209191-19-052541,2019-10-04,2019-10-02,,875320,vertex pharmaceuticals inc / ma,1209191,unknown,VRTX,False
4159101,F4,0000356037-15-000015,2015-02-26,2015-02-13,,1053645,james c shelton,356037,csp inc /ma/,CSPI,True
3801119,F4,0000009892-03-000108,2003-05-06,2003-05-02,,1023207,herzlinger regina e,9892,bard c r inc /nj/,BCR,True
8312604,F4,0001209191-04-058606,2004-12-20,2004-12-17,,85961,ryder system inc,1209191,unknown,R,False
6329197,F4,0001534701-18-000020,2018-01-18,2018-01-16,,1194624,tilton glenn f,1534701,phillips 66,PSX,False
2866411,F4,0001127602-20-028499,2020-11-09,2020-11-05,,1110803,"illumina, inc.",1127602,restricted stock systems inc,ILMN,True
4327470,F4,0001209191-06-004389,2006-01-20,2006-01-18,,862831,financial institutions inc,1209191,unknown,FISI,False
4063222,F4,0001102624-08-000136,2008-05-16,2008-05-15,,1287032,prospect street energy corp,1102624,unknown,PSEC,False
5073735,F4,0001225208-21-008300,2021-05-19,2021-05-17,,1099800,edwards lifesciences corp,1225208,unknown,EW,False
11616040,F10Q,0001654954-20-008640,2020-08-07,,,0,unknown,1654954,unknown,,False
10531257,F8K,0000950124-03-001541,2003-05-06,,,0,unknown,950124,bowne of detroit inc 01/fa,,True
2895196,F4,0001209191-09-023797,2009-05-01,2009-04-29,,1010086,siga technologies inc,1209191,unknown,X0303,False
2981204,F4,0001144204-07-021472,2007-04-30,2007-04-27,,40528,"medclean technologies, inc.",1144204,unknown,ADRM,False
7356686,F4,0001181431-08-007054,2008-02-04,2008-01-31,,1042185,vignette corp,1181431,unknown,VIGN,False
1479701,F4,0001771474-21-000055,2021-07-02,2021-07-01,,1032208,sempra energy,1771474,clark randall lee,SRE,False
1255860,F4,0000216539-09-000144,2009-08-03,2009-07-31,,1185330,nabhan lou anne j,216539,media general inc,X0303,True
641954,F4,0001127602-20-007152,2020-02-24,2018-11-30,,95029,sturm ruger & co inc,1127602,restricted stock systems inc,RGR,True
9179307,F4,0001179110-14-007730,2014-05-06,2014-05-05,,1001838,southern peru copper holding co,1179110,unknown,SCCO,False
7362935,F4,0001737423-19-000001,2019-05-20,2019-02-22,,1378125,toga ltd,1737423,lim jun hao,TOGL,False
5601265,F4,0001415889-22-011713,2022-11-23,2022-11-21,,810958,citizens & northern corp,1415889,"sec connect, llc",CZNC,True
2603288,F4,0001209191-21-053560,2021-08-26,2021-08-25,,1706431,"vir biotechnology, inc.",1209191,unknown,VIR,False
8410518,F4,0001209191-19-008490,2019-02-08,2019-02-06,,1370946,owens corning (reorganized) inc.,1209191,unknown,OC,False
6153207,F4,0001736297-25-000032,2025-05-12,2025-05-08,,1998053,mohan jitendra,1736297,"astera labs, inc.",X0508,True
2818902,F4,0001209191-12-022775,2012-04-11,2012-04-09,,1439404,zynga inc,1209191,unknown,X0305,False
3887556,F4,0001157523-21-000424,2021-04-05,2021-04-01,,65596,siebert financial corp,1157523,unknown,SIEB,False
7797240,F4,0001179110-18-007525,2018-05-25,2018-05-24,,822818,clean harbors inc,1179110,unknown,CLH,False
3974883,F4,0001209191-22-015653,2022-03-03,2022-03-01,,1466085,"independence realty trust, inc.",1209191,unknown,IRT,False
7152143,F4,0001066107-06-000018,2006-01-05,2006-01-03,,1180362,whitmire john l,1066107,el paso llc,EP,True
7440746,F4,0001566028-13-000022,2013-10-04,2013-10-02,,887497,hi tech pharmacal co inc,1566028,unknown,HITK,False
10843181,F8K,0001141776-03-000193,2003-08-26,,,0,unknown,1141776,salomon bros mort sec vii inc salo mort ln tr ser 2001-cpb1,,True
9208652,F8K,0001331463-16-000422,2016-12-06,,,0,unknown,1331463,federal home loan bank of boston,,False
1547602,F4,0001820721-23-000143,2023-06-15,2023-06-13,,1861440,iyengar jayanthi,1820721,"ati intermediate holdings, llc",X0407,True
9968788,F8K,0001193125-05-231558,2005-11-23,,,0,unknown,1193125,unknown,,False
9353983,F8K,0001605301-22-000018,2022-04-28,,,0,unknown,1605301,"cb financial services, inc.",,True
909279,F4,0001127602-14-012813,2014-03-27,2014-03-26,,1544229,"engility holdings, inc.",1127602,restricted stock systems inc,EGL,True
9924282,F8K,0001072613-06-001360,2006-06-09,,,0,unknown,1072613,unknown,,False
9938750,F8K,0001136261-11-000051,2011-02-01,,,0,unknown,1136261,unknown,,False
10686739,F8K,0001193125-23-191415,2023-07-21,,,0,unknown,1193125,unknown,,False
3891410,F4,0001233402-10-000103,2010-03-24,2010-03-22,,732712,verizon communications inc,1233402,unknown,X0303,False
8620469,F4,0001127602-12-032756,2012-12-04,2012-12-01,,36966,first tennessee national corp,1127602,restricted stock systems inc,FHN,True
2713613,F4,0001144204-18-063418,2018-12-06,2018-12-03,,1023994,"sg blocks, inc.",1144204,unknown,SGBX,False
5525237,F4,0001378264-07-000001,2007-06-26,2007-06-25,,892960,putnam new york investment grade municipal trust,1378264,leibler kenneth r,,False
5144195,F4,0001127602-12-001717,2012-01-13,2012-01-11,,1303942,bankfinancial corp,1127602,restricted stock systems inc,X0304,True
6693990,F4,0000899243-15-005174,2015-09-22,2015-09-18,,1487952,"vishay precision group, inc.",899243,donnelley financial solutions 06/fa,VPG,False
10236262,F8K,0000950123-10-036507,2010-04-21,,,0,unknown,950123,unknown,,False
7932564,F4,0001209191-16-118816,2016-05-10,2016-05-08,,1582568,pbf logistics lp,1209191,unknown,PBFX,False
5775251,F4,0000905729-07-000311,2007-07-30,2007-07-26,,803164,choiceone financial services inc,905729,warner norcross & judd /fa,MI,False
4033,F4,0001209191-23-015981,2023-03-03,2023-03-01,,801337,webster financial corp,1209191,unknown,WBS,False
7312641,F4,0001209191-23-031598,2023-05-22,2023-05-18,,101984,universal electronics inc,1209191,unknown,X0407,False
6649675,F4,0001144204-04-021643,2004-12-14,2004-11-12,,1003607,altigen communications inc,1144204,unknown,ATGN,False
3946564,F4,0001593968-23-000348,2023-02-24,2023-02-22,,1413837,keller financial group,1593968,unknown,FFWM,False
9299134,F8K,0001206774-06-001066,2006-05-08,,,0,unknown,1206774,unknown,,False
4242732,F4,0001181431-06-066341,2006-11-29,2006-11-28,,39368,fuller h b co,1181431,unknown,FUL,False
10475246,F8K,0001193125-25-289062,2025-11-20,2025-11-19,,0,unknown,1193125,unknown,,False
2948887,F4,0000944695-11-000066,2011-11-16,2011-11-15,,1234730,condron p kevin,944695,"hanover insurance group, inc.",X0304,True
4417431,F4,0000310764-11-000078,2011-05-18,2011-05-17,,1421537,fox-smith andrew grant,310764,stryker corp,X0303,True
177393,F4,0001179110-13-018048,2013-12-16,2013-12-13,,2491,"bally technologies, inc.",1179110,unknown,BYI,False
8742816,F4,0001127602-19-029942,2019-10-03,2019-10-01,,935703,"dollar tree, inc.",1127602,restricted stock systems inc,DLTR,True
724020,F4,0001209191-11-032627,2011-06-02,2011-05-31,,797721,viasat inc,1209191,unknown,X0303,False
285677,F4,0001000623-20-000104,2020-07-02,2020-06-30,,1469335,warlick anderson davis,1000623,schweitzer mauduit international inc,SWM,True
8402490,F4,0000823768-07-000100,2007-03-02,2007-02-28,,1197040,steiner david p,823768,waste management inc,WMI,True
847066,F4,0001140361-22-003133,2022-01-28,2022-01-26,,1805833,trebia acquisition corp.,1140361,edgarfilings ltd,SST,True
10318449,F8K,0001654954-19-003399,2019-03-26,,,0,unknown,1654954,unknown,,False
5320421,F4,0001866175-24-000080,2024-09-09,2024-09-05,,1896656,rockecharlie david c.,1866175,ie pubco inc.,X0508,True
3329375,F4,0001140361-16-089777,2016-12-15,2016-12-13,,105132,wd 40 co,1140361,edgarfilings ltd,WDFC,True
2272667,F4,0001223729-04-000002,2004-01-16,2004-01-15,,1158387,viscount systems inc,1223729,shen greg,X0201,False
10386788,F8K,0000707605-18-000070,2018-05-23,,,0,unknown,707605,usbancorp inc /pa/,,True
2358773,F4,0000908737-05-000485,2005-06-14,2005-05-18,,884498,ade corp,908737,unknown,ADEX,False
2673535,F4,0001179110-21-011083,2021-12-17,2021-12-15,,822818,clean harbors inc,1179110,unknown,CLH,False
10884134,F8K,0001584509-22-000107,2022-05-10,,,0,unknown,1584509,aramark holdings corp,,True
7771068,F4,0001209191-07-063134,2007-11-13,2007-11-08,,107681,winn dixie stores inc,1209191,unknown,WINN,False
2505649,F4,0001209191-16-147157,2016-10-27,2016-10-25,,39263,"cullen/frost bankers, inc.",1209191,unknown,CFR,False
2156980,F4,0001017386-09-000019,2009-03-09,2009-03-06,,1372000,universal power group inc.,1017386,unknown,X0303,False
11408671,F10Q,0001050502-08-000289,2008-11-05,,,0,unknown,1050502,unknown,,False
11617189,F10Q,0001140361-14-039710,2014-10-31,,,0,unknown,1140361,edgarfilings ltd,,True
3596340,F4,0001179110-14-014387,2014-09-22,2014-09-18,,915840,beazer homes usa inc,1179110,unknown,BZH,False
4543982,F4,0000109380-22-000042,2022-02-11,2022-02-10,,1213157,stephens steven dan,109380,"zions bancorporation, national association /ut/",ZION,False
9675274,F8K,0001193125-12-150726,2012-04-05,,,0,unknown,1193125,unknown,,False
7738577,F4,0001209191-04-022826,2004-04-30,2004-04-29,,949156,meadowbrook insurance group inc,1209191,unknown,MIG,False
2849481,F4,0001127602-15-025834,2015-08-25,,,730464,devry inc,1127602,restricted stock systems inc,DV,True
10898266,F8K,0000845877-06-000076,2006-10-10,,,0,unknown,845877,federal agricultural mortgage corp,,True
2532985,F4,0001209191-04-049421,2004-10-25,2004-10-21,,1013606,radiance medical systems inc /de/,1209191,unknown,ELGX,False
10510333,F8K,0000950170-22-023220,2022-11-08,,,0,unknown,950170,unknown,,False
5070128,F4,0000091928-18-000051,2018-03-19,2018-03-15,,1572875,mcendy kathleen a,91928,south jersey industries inc,SJI,True
4852088,F4,0001181431-06-033342,2006-05-26,2006-05-25,,352915,universal health services inc,1181431,unknown,UHS,False
282005,F4,0000914317-05-002009,2005-06-02,2005-06-01,,66004,middlesex water co,914317,unknown,MSEX,False
5173421,F4,0001209191-23-054195,2023-11-02,2023-10-31,,717954,unifirst corp,1209191,unknown,X0508,False
1073951,F4,0001356569-06-000062,2006-12-04,2006-11-30,,1332245,avanade inc.,1356569,unknown,NONE,False
896279,F4,0001182489-14-000916,2014-08-27,2014-08-26,,825542,scotts miracle-gro co,1182489,unknown,SMG,False
10816466,F8K,0000950137-03-002273,2003-04-22,,,0,unknown,950137,unknown,,False
4571537,F4,0001225208-10-007828,2010-03-11,2010-03-09,,823768,waste management inc,1225208,unknown,X0303,False
6872689,F4,0001127602-20-014555,2020-04-27,2020-04-23,,874761,aes corporation,1127602,restricted stock systems inc,AES,True
3834240,F4,0001204048-04-000004,2004-04-20,,,98362,timken co,1204048,jasinowski jerry j,X0201,False
5399536,F4,0001179110-07-023562,2007-12-17,2007-12-14,,1316410,"firstbank financial services, inc.",1179110,unknown,FBFS,False
166680,F4,0000919574-03-001964,2003-10-23,2003-09-12,,912926,gb holdings inc,919574,seward & kissel llp,X0201,False
9255173,F8K,0000914025-03-000031,2003-08-26,,,0,unknown,914025,plantronics inc /ca/,,True
10740890,F8K,0001367644-07-000011,2007-03-22,,,0,unknown,1367644,emergent biosolutions inc.,,True
10611122,F8K,0000919012-12-000011,2012-07-27,,,0,unknown,919012,american eagle outfitters inc,,True
4843213,F4,0001181431-06-012768,2006-02-17,2006-02-15,,1156826,archstone smith trust,1181431,unknown,ASN,False
9102503,F4,0001209191-05-021564,2005-04-21,2005-04-20,,1108185,occam networks inc/de,1209191,unknown,OCCM,False
637029,F4,0001225208-24-009114,2024-10-03,2024-10-01,,49196,huntington bancshares inc/md,1225208,unknown,X0508,False
9402184,F8K,0001193125-16-449424,2016-02-03,,,0,unknown,1193125,unknown,,False
4230232,F4,0001209191-15-008384,2015-02-02,2015-01-30,,840883,btu international inc,1209191,unknown,BTUI,False
9711261,F8K,0001829126-25-001935,2025-03-20,2025-03-14,,0,unknown,1829126,unknown,,False
1072199,F4,0001209191-20-049646,2020-09-04,,,774569,cortland bancorp inc,1209191,unknown,CLDB,False
10658059,F8K,0001144204-08-068324,2008-12-08,,,0,unknown,1144204,unknown,,False
4373082,F4,0001140361-16-072820,2016-07-19,2016-07-18,,1572552,"asterias biotherapeutics, inc.",1140361,edgarfilings ltd,AST,True
11290684,F10Q,0001214659-16-013066,2016-08-09,,,0,unknown,1214659,unknown,,False
928197,F4,0001127602-15-023218,2015-07-22,,,812348,century bancorp inc,1127602,restricted stock systems inc,CNBKA,True
3773548,F4,0001181431-03-009850,2003-06-04,2003-06-02,,29669,rr donnelley & sons co,1181431,unknown,X0101,False
11428562,F10Q,0000002488-19-000104,2019-07-31,2018-12-30,,0,unknown,2488,advanced micro devices inc,,True
2376174,F4,0000860730-04-000162,2004-12-01,2004-11-30,,1218259,anderson david gwin,860730,hca-the healthcare co,(HCA),True
3679268,F4,0000899243-18-002860,2018-02-05,2018-02-01,,1705696,vici properties inc.,899243,donnelley financial solutions 06/fa,VICI,False
8354493,F4,0001140361-10-049539,2010-12-14,,,108385,world acceptance corp,1140361,edgarfilings ltd,X0303,True
11497486,F10Q,0001104659-18-051540,2018-08-13,,,0,unknown,1104659,toppan merrill/fa,,False
6162013,F4,0001188100-06-000006,2006-11-14,2006-11-13,,812703,stratex networks inc,1188100,thomsen carl,CA,False
1390982,F4,0000704051-13-000097,2013-06-06,2013-04-16,,1573686,johnson terence,704051,"legg mason, inc.",LM,True
4466597,F4,0001062993-21-002816,2021-03-17,2021-03-15,,1475115,"eventbrite, inc.",1062993,unknown,EB,False
960768,F4,0001209191-18-018533,2018-03-09,2018-03-08,,1466085,"independence realty trust, inc.",1209191,unknown,IRT,False
10363257,F8K,0001157523-13-002011,2013-04-25,,,0,unknown,1157523,unknown,,False
3349605,F4,0001243786-20-000042,2020-04-02,2020-04-01,,1285785,mosaic co,1243786,unknown,MOS,False
2175880,F4,0001209191-06-001071,2006-01-04,2006-01-03,,1106851,omnivision technologies inc,1209191,unknown,OVTI,False
3450463,F4,0001127602-16-053734,2016-05-27,2016-05-26,,1544229,"engility holdings, inc.",1127602,restricted stock systems inc,EGL,True
8902615,F4,0001354488-16-008662,2016-12-14,2016-12-12,,1282224,maximum awards inc,1354488,unknown,DPDM,False
8658096,F4,0001225208-13-020698,2013-09-30,,,2969,"air products & chemicals, inc.",1225208,unknown,APD,False
1304681,F4,0001126234-23-000070,2023-05-12,2023-05-10,,1587800,lalande kevin m.,1126234,newlink genetics corp,X0407,True
966572,F4,0000898432-04-000981,2004-11-23,2004-11-19,,1230869,asa ltd,898432,unknown,ASA,False
8881323,F4,0000950138-20-000494,2020-12-01,,,32604,emerson electric co,950138,unknown,EMR,False
7499456,F4,0001397763-22-000004,2022-02-22,2022-02-18,,1014473,verisign inc/ca,1397763,kilguss george e iii,VRSN,False
7126400,F4,0001127602-12-014586,2012-04-25,2012-04-24,,72971,wells fargo & company/mn,1127602,restricted stock systems inc,X0305,True
10567931,F8K,0000893220-05-000176,2005-01-27,,,0,unknown,893220,unknown,,False
7796156,F4,0000072333-15-000144,2015-10-08,2015-10-06,,1492047,worzel ken,72333,nordstrom inc,JWN,True
7328943,F4,0000899243-21-036601,2021-09-20,2021-09-16,,1690585,"magenta therapeutics, inc.",899243,donnelley financial solutions 06/fa,MGTA,False
11193642,F10K,0001493152-24-024903,2024-06-24,,,0,unknown,1493152,unknown,,False
5031787,F4,0001225208-19-006151,2019-04-02,2019-04-01,,5272,"american international group, inc.",1225208,unknown,AIG,False
5880927,F4,0001123292-06-000352,2006-06-02,2004-04-02,,723888,juno lighting inc,1123292,hogan lovells us llp,JUNO,False
6425268,F4,0001214659-15-006306,2015-08-25,2015-08-24,,1546296,"professional diversity network, llc",1214659,unknown,IPDN,False
2038563,F4,0000916002-12-000033,2012-07-09,2012-06-29,,30302,duckwall alco stores inc,916002,unknown,ALCS,False
3407517,F4,0001181431-03-038045,2003-12-29,,,1183920,dade behring holdings inc,1181431,unknown,X0201,False
7352224,F4,0000950103-11-003915,2011-09-21,2011-09-19,,1058623,cumulus media inc,950103,unknown,X0304,False
7294401,F4,0001140361-09-016905,2009-07-23,,,1107694,rackspace managed hosting inc,1140361,edgarfilings ltd,X0303,True
9546996,F8K,0001193125-11-207284,2011-08-03,,,0,unknown,1193125,unknown,,False
5392363,F4,0001127602-09-000483,2009-01-05,2009-01-02,,24741,corning inc /ny,1127602,restricted stock systems inc,X0303,True
8857008,F4,0001209191-03-022607,2003-09-23,,,0,unknown,1209191,unknown,,False
10516423,F8K,0001056404-03-001152,2003-07-09,,,0,unknown,1056404,norwest asset sec corp mort ps thr cert ser 1998-1 trust,,True
5941664,F4,0001140361-07-000905,2007-01-09,2006-12-20,,1088206,quick-med technologies inc,1140361,edgarfilings ltd,QMDT,True
4701921,F4,0001140361-08-020732,2008-09-04,2008-09-02,,1262823,westlake corp,1140361,edgarfilings ltd,X0303,True
2347074,F4,0001140361-10-000963,2010-01-06,2010-01-04,,1264755,newalliance bancshares inc,1140361,edgarfilings ltd,X0303,True
5719430,F4,0001179110-10-011726,2010-07-19,2010-07-15,,1042825,power one inc,1179110,unknown,X0303,False
8978266,F4,0001225208-17-003981,2017-02-21,2017-02-20,,1615418,beneficial bancorp inc.,1225208,unknown,BNCL,False
3699547,F4,0001127602-13-010361,2013-03-12,2013-03-08,,58492,leggett & platt inc,1127602,restricted stock systems inc,LEG,True
1584341,F4,0001127602-23-003985,2023-02-08,2023-02-06,,887359,vericel corp,1127602,restricted stock systems inc,VCEL,True
9169904,F4,0001127602-14-010916,2014-03-10,2014-03-08,,1441849,cloud peak energy inc.,1127602,restricted stock systems inc,CLD,True
5059390,F4,0001104659-03-011630,2003-06-03,2003-05-30,,1001838,southern peru copper holding co,1104659,toppan merrill/fa,X0101,False
9306687,F8K,0000875320-16-000098,2016-10-17,,,0,unknown,875320,vertex pharmaceuticals inc / ma,,True
7178552,F4,0001567619-21-016156,2021-08-19,2021-06-30,,1689657,phenomex inc.,1567619,unknown,BLI,False
5712085,F4,0001140361-12-009569,2012-02-21,2012-02-16,,1083643,"fauquier bankshares, inc.",1140361,edgarfilings ltd,X0304,True
9793942,F8K,0000929638-24-001897,2024-05-23,,,0,unknown,929638,unknown,,False
5117468,F4,0001062993-23-012573,2023-06-01,,,66756,minnesota power inc,1062993,unknown,X0407,False
8753395,F4,0000901787-04-000002,2004-05-13,2004-05-11,,814361,timberland co,901787,sidney w swartz 1982 family trust & swartz judith h/beard jo,TBL,True
9144278,F4,0001209191-16-105447,2016-03-03,2016-03-01,,1441693,"pro farm group, inc.",1209191,unknown,MBII,False
5676586,F4,0001437749-25-001345,2025-01-17,2025-01-15,,1602658,investar holding corp,1437749,unknown,X0508,False
8991189,F4,0001008477-05-000020,2005-11-03,2005-11-01,,943034,image sensing systems inc,1008477,michalopoulos panos g,,False
3904707,F4,0001209191-13-027244,2013-05-17,2013-05-16,,98246,tiffany & co,1209191,unknown,TIF,False
8743588,F4,0001179110-17-009579,2017-06-26,2017-06-23,,1412502,sterling real estate trust,1179110,unknown,NONE,False
9872724,F8K,0001213900-20-028084,2020-09-23,,,0,unknown,1213900,unknown,,False
1460459,F4,0001237037-05-000037,2005-05-05,2005-05-03,,1051741,niagara bancorp inc,1237037,weber robert g,FNFG,False
8622485,F4,0001104659-18-012219,2018-02-26,2018-02-22,,1325281,stone arcade acquisition corp,1104659,toppan merrill/fa,KS,False
11079025,F10K,0000277948-22-000009,2022-02-16,2021-01-31,,0,unknown,277948,csx corp,,True
7780744,F4,0001562180-24-001632,2024-02-22,2024-02-20,,1496963,"squarespace, inc.",1562180,solium capital inc,X0508,True
7040344,F4,0001296362-05-000075,2005-05-25,2005-05-23,,1141982,cooper industries plc,1296362,unknown,CBE,False
4827989,F4,0001286028-05-000002,2005-03-29,2005-02-28,,1100451,unity wireless corp,1286028,nevo doron,,False
5928048,F4,0001157523-09-005288,2009-07-29,2009-07-28,,790730,ameron international corp,1157523,unknown,X0303,False
8583801,F4,0001140361-05-004588,2005-06-17,2005-06-15,,1293314,snb bancshares inc,1140361,edgarfilings ltd,SNBT,True
10264888,F8K,0001193125-13-062883,2013-02-15,,,0,unknown,1193125,unknown,,False
10442342,F8K,0001277277-06-000728,2006-10-12,,,0,unknown,1277277,unknown,,False
5011974,F4,0001170362-04-000002,2004-01-21,,,1080709,arena pharmaceuticals inc,1170362,spector steven w,X0201,False
5323124,F4,0001237749-03-000003,2003-07-01,,,354706,first pulaski national corp,1237749,bass harold w,,False
8358813,F4,0001209191-21-064179,2021-11-12,2021-11-05,,3545,"alico, inc.",1209191,unknown,ALCO,False
5651607,F4,0001459463-09-000002,2009-05-29,2009-05-28,,34563,farmer brothers co,1459463,modaro heidi l,X0303,False
201774,F4,0001231376-09-000003,2009-02-02,2009-01-30,,1035748,callidus software inc,1231376,unknown,X0303,False
9122563,F4,0001005477-03-001722,2003-05-29,2003-05-27,,778972,firstbank corp,1005477,unknown,X0101,False
10979013,F8K,0001056404-05-002340,2005-06-29,,,0,unknown,1056404,norwest asset sec corp mort ps thr cert ser 1998-1 trust,,True
1290584,F4,0001179110-18-004517,2018-03-16,2018-03-14,,1412270,care.com inc,1179110,unknown,CRCM,False
3413196,F4,0001209191-03-037295,2003-12-31,,,0,unknown,1209191,unknown,,False
10046492,F8K,0001104659-11-002352,2011-01-21,,,0,unknown,1104659,toppan merrill/fa,,False
7421869,F4,0001357413-06-000002,2006-11-16,2006-11-15,,1341318,"lake shore bancorp, inc.",1357413,yocum nancy l,LSBK,False
2017663,F4,0001814431-21-000004,2021-06-17,2021-06-15,,78239,pvh corp. /de/,1814431,hagman martijn,PVH,False
4496160,F4,0001973204-23-000002,2023-07-24,,,926617,"vermillion, inc.",1973204,herchuk jannie prestridge,X0508,False
2087163,F4,0001144204-04-020758,2004-11-30,2004-11-29,,878731,finlay enterprises inc /de,1144204,unknown,FNLY,False
4796738,F4,0000008947-23-000053,2023-05-02,2023-04-28,,1472030,schlom philip a,8947,azz inc,X0407,True
10974559,F8K,0001829126-24-002905,2024-04-29,2024-04-26,,0,unknown,1829126,unknown,,False
5428747,F4,0001817199-25-000005,2025-10-30,,,1549595,"nurix, inc.",1817199,ring christine,X0508,False
11572395,F10Q,0001104659-14-057029,2014-08-06,,,0,unknown,1104659,toppan merrill/fa,,False
4747708,F4,0001179110-12-007154,2012-04-24,,,1353283,splunk inc,1179110,unknown,X0305,False
2512413,F4,0001127602-10-023013,2010-09-14,2010-09-13,,310354,standex international corp/de/,1127602,restricted stock systems inc,X0303,True
9111818,F4,0001019056-09-000759,2009-07-30,2009-07-28,,216748,oakridge energy inc,1019056,"borer financial communications, inc.",X0303,True
5609757,F4,0000355429-07-000219,2007-05-16,2007-05-15,,1223543,portera malcolm,355429,protective life corp,PL,True
1395743,F4,0001044590-04-000036,2004-05-11,2004-05-07,,1233049,lauer allen j,1044590,unova inc,UNA,True
4177792,F4,0001209191-17-060746,2017-11-14,2017-11-09,,4127,"skyworks solutions, inc.",1209191,unknown,SWKS,False
2843635,F4,0000006720-04-000100,2004-10-25,2004-10-22,,1213317,crawford diana,6720,"outdoor sports gear, inc.",KTO,True
10483886,F8K,0001204459-10-001392,2010-06-15,,,0,unknown,1204459,unknown,,False
3715080,F4,0001209191-15-079474,2015-11-10,2015-11-06,,1314475,spark networks plc,1209191,unknown,LOV,False
7249243,F4,0001207097-21-000273,2021-08-16,2021-08-13,,1811074,texas pacific land corp,1207097,stahl murray,TPL,False
5082501,F4,0001127602-23-021968,2023-08-03,,,87347,slb limited/nv,1127602,restricted stock systems inc,X0508,True
11447001,F10Q,0001596993-25-000049,2025-11-06,,,0,unknown,1596993,dorian lpg ltd.,,True
8580628,F4,0000093751-18-000456,2018-08-17,2018-08-15,,1698378,horgan kathryn m,93751,state street corp,STT,True
9067630,F4,0001104659-09-010111,2009-02-17,2009-02-13,,1235468,liquidity services inc,1104659,toppan merrill/fa,X0303,False
10784190,F8K,0001028643-05-000032,2005-10-31,,,0,unknown,1028643,dollar financial group inc,,True
8558095,F4,0001047340-14-000096,2014-08-06,2014-08-04,,1511703,cole joseph w,1047340,fresh del monte produce inc,FDP,True
9893008,F8K,0000950144-08-001897,2008-03-13,,,0,unknown,950144,unknown,,False
6183012,F4,0001225208-12-022222,2012-11-02,2012-10-31,,855874,tri county financial corp /md/,1225208,unknown,MD,False
2400020,F4,0001209191-13-012836,2013-03-01,2013-02-28,,1037676,"arch resources, inc.",1209191,unknown,ACI,False
281702,F4,0001209191-23-022064,2023-04-03,2023-03-31,,849145,medcross inc,1209191,unknown,X0407,False
1240166,F4,0001209191-05-031480,2005-06-10,2005-06-08,,1024441,factory card outlet corp,1209191,unknown,FCPO,False
8133618,F4,0001209191-10-036855,2010-07-02,2010-06-30,,1479920,tbs international plc,1209191,unknown,X0303,False
74132,F4,0001127602-12-018542,2012-05-29,2012-05-25,,1139812,mb midcity inc,1127602,restricted stock systems inc,X0305,True
6135598,F4,0001209191-20-031496,2020-05-21,2020-05-19,,914475,neurocrine biosciences inc,1209191,unknown,NBIX,False
9532173,F8K,0001104659-23-091039,2023-08-14,,,0,unknown,1104659,toppan merrill/fa,,False
10808013,F8K,0001213900-21-025612,2021-05-11,,,0,unknown,1213900,unknown,,False
5082608,F4,0001209191-08-018766,2008-03-18,2008-03-14,,1037676,"arch resources, inc.",1209191,unknown,ACI,False
11541207,F10Q,0000872202-04-000014,2004-08-11,,,0,unknown,872202,"avalon correctional services, llc",,True
11212823,F10Q,0001193125-08-111430,2008-05-12,,,0,unknown,1193125,unknown,,False
8390932,F4,0001140361-16-055328,2016-02-26,2016-02-24,,1048477,biomarin pharmaceutical inc,1140361,edgarfilings ltd,BMRN,True
11489779,F10Q,0000893220-05-002564,2005-11-08,,,0,unknown,893220,unknown,,False
4129368,F4,0001250922-09-000015,2009-07-27,2009-07-23,,729156,peoples educational holdings,1250922,unknown,X0303,False
7838346,F4,0000930413-25-002166,2025-07-11,2025-06-26,,1998387,5c lending partners corp.,930413,unknown,X0508,False
3992526,F4,0000812191-11-000005,2011-01-20,2011-01-18,,1334481,rayner suzan l,812191,rehabcare group inc,X0303,True
4658571,F4,0001445866-17-000030,2017-01-10,2017-01-06,,1396633,summer energy holdings inc,1445866,unknown,SUME,False
5087559,F4,0001727689-24-000152,2024-12-11,2024-12-10,,1339688,quaterra resources inc,1727689,unknown,X0508,False
4091200,F4,0001417551-09-000003,2009-09-16,2009-09-14,,1125376,"ensign group, inc",1417551,hubenette antoinette t.,X0303,False
8076326,F4,0001024155-09-000007,2009-02-19,2009-02-17,,736822,immucor inc,1024155,eatz ralph a,X0303,False
6033254,F4,0001562180-23-000306,2023-01-09,2023-01-05,,1667011,"arteris, inc.",1562180,solium capital inc,AIP,True
3343954,F4,0001209191-08-026809,2008-05-01,2008-04-29,,1041326,corporate property associates 14 inc,1209191,unknown,NONE,False
4242601,F4,0001618756-25-000066,2025-01-07,2025-01-03,,1908101,housman jeffrey,1618756,restaurant brands international inc.,X0508,True
7566051,F4,0001181431-12-000091,2012-01-03,2012-01-01,,932628,amerigas partners lp,1181431,unknown,X0304,False
8158637,F4,0001246360-12-003734,2012-09-11,2012-09-10,,37472,flexsteel industries inc,1246360,morse elizabeth myers,FLXS,False
7233598,F4,0000921895-15-002659,2015-11-25,2015-11-23,,1424454,rovi corp,921895,olshan grundman frome & rosenzweig,ROVI,False
6523003,F4,0001181431-04-034751,2004-07-09,,,837951,pacholder high yield fund inc,1181431,unknown,PHF,False
2594552,F4,0001280263-21-000099,2021-09-17,2021-09-16,,1189229,paisley christopher b,1280263,ambarella inc,AMBA,True
8210772,F4,0001237111-06-000003,2006-02-16,2006-02-14,,1005409,dime community bancshares inc,1237111,cohn steven d,DCOM,False
3479591,F4,0001309402-16-000117,2016-02-09,2016-02-06,,1659011,metzler michael a,1309402,"green plains renewable energy, inc.",GPRE,True
8910449,F4,0001181431-04-020881,2004-04-16,2004-04-13,,356830,oscient pharmaceuticals corp,1181431,unknown,X0201,False
9779519,F8K,0001144204-09-062734,2009-12-02,,,0,unknown,1144204,unknown,,False
9103153,F4,0001192482-05-000279,2005-07-01,2005-06-29,,1114714,talentpoint inc,1192482,pepper hamilton ilp,KNXA,False
8034415,F4,0001352688-13-000006,2013-05-29,2013-05-28,,1018164,willis lease finance corp,1352688,webber judith m,,False
9160701,F4,0001112679-11-000052,2011-06-03,2011-06-01,,1424454,rovi corp,1112679,yu stephen,X0303,False
3294435,F4,0000011544-11-000036,2011-05-18,2011-05-17,,1355414,farrell mary c,11544,berkley w r corp,X0303,True
6603336,F4,0001127602-12-024505,2012-08-15,2012-08-11,,1381668,tfs financial corp,1127602,restricted stock systems inc,TFSL,True
11098177,F10K,0001564590-22-010543,2022-03-16,,,0,unknown,1564590,unknown,,False
8264764,F4,0001179110-13-000930,2013-01-16,2013-01-14,,6955,enerpac tool group corp,1179110,unknown,ATU,False
10245935,F8K,0000857005-15-000002,2015-01-05,,,0,unknown,857005,ptc inc.,,True
11184852,F10K,0001493152-19-004471,2019-04-01,,,0,unknown,1493152,unknown,,False
9011343,F4,0001492950-14-000013,2014-07-02,2014-06-30,,723646,franklin financial services corp /pa/,1492950,carmack karen k,FRAF,False
1756379,F4,0001022079-19-000139,2019-05-16,2019-05-14,,1528185,torley helen,1022079,quest diagnostics inc,DGX,True
150929,F4,0000950117-03-001100,2003-03-25,,,0,unknown,950117,unknown,,False
4352502,F4,0001136299-07-000001,2007-01-05,2007-01-04,,357301,trustco bank corp n y,1136299,mccormick robert a,TRST,False
451741,F4,0000754673-10-000061,2010-05-26,2010-05-24,,1235043,huszagh j gordon,754673,suffolk bancorp,X0303,True
3069293,F4,0001123292-09-000711,2009-08-14,2009-08-12,,1241199,capitalsource inc,1123292,hogan lovells us llp,X0303,False
6581568,F4,0001225208-07-006488,2007-07-05,2007-06-05,,1028461,covansys corp,1225208,unknown,CVNS,False
214507,F4,0001209191-20-051283,2020-09-21,2020-09-17,,1743725,"grid dynamics holdings, inc.",1209191,unknown,GDYN,False
11150046,F10K,0000831001-20-000031,2020-02-21,2019-01-01,,0,unknown,831001,travelers inc,,True
7138721,F4,0001181431-10-028818,2010-05-24,2010-05-21,,1264707,asset acceptance capital corp,1181431,unknown,X0303,False
3528059,F4,0001209191-18-057799,2018-11-08,2018-11-06,,1618756,restaurant brands international inc.,1209191,unknown,QSR,False
7086955,F4,0000899243-23-016037,2023-06-20,2023-06-15,,1827075,dragoneer growth opportunities corp. ii,899243,donnelley financial solutions 06/fa,X0407,False
11050386,F10K,0000950148-03-001081,2003-04-30,,,0,unknown,950148,unknown,,False
2871448,F4,0001665918-20-000096,2020-05-14,2020-05-13,,1245010,tehle david m,1665918,us foods holding corp.,USFD,True
10510120,F8K,0000950144-03-008353,2003-07-02,,,0,unknown,950144,unknown,,False
11522655,F10Q,0001437749-15-020132,2015-11-09,,,0,unknown,1437749,unknown,,False
2407754,F4,0001639691-20-000070,2020-06-22,2020-06-18,,1656080,bianchi francesco,1639691,sand holdco plc,LIVN,True
4167051,F4,0001209191-10-002521,2010-01-08,2010-01-06,,1418819,iridium communications inc.,1209191,unknown,X0303,False
11634114,F10Q,0000110019-21-000013,2021-11-01,,,0,unknown,110019,northwest pipeline llc,,True
8843199,F4,0001181431-09-027903,2009-06-01,,,1024725,tenneco inc /de,1181431,unknown,X0303,False
2011812,F4,0001246991-15-000242,2015-10-01,2015-09-30,,1037540,"bxp, inc.",1246991,unknown,BXP,False
10088253,F8K,0001082923-21-000068,2021-06-11,,,0,unknown,1082923,stamps.com inc,,True
2243037,F4,0001059272-12-000012,2012-02-24,2012-02-22,,1079800,mashouf manny,1059272,"bebe stores, inc.",X0304,True
1896279,F4,0000897069-10-000403,2010-05-12,2010-05-10,,910606,regency realty corp,897069,foley & lardner/ fa,X0303,False
7009857,F4,0001181431-13-054377,2013-10-18,2013-10-17,,904080,talos petroleum llc,1181431,unknown,SGY,False
5780562,F4,0001590714-20-000073,2020-06-05,,,1182337,oneal e stanley,1590714,platform specialty products corp,ESI,True
4036860,F4,0001035884-10-000047,2010-07-14,2010-07-13,,1210245,crenshaw randall w,1035884,commscope inc,X0303,True
444120,F4,0001357615-16-000255,2016-02-29,2016-02-25,,1221429,ferraioli brian k,1357615,"kbr, inc.",KBR,True
9969516,F8K,0001331451-15-000062,2015-03-31,,,0,unknown,1331451,federal home loan bank of chicago,,False
1193835,F4,0001562180-21-000843,2021-02-03,2021-02-01,,51143,international business machines corp,1562180,solium capital inc,IBM,True
4322720,F4,0001209191-11-063000,2011-12-23,2011-12-21,,797721,viasat inc,1209191,unknown,X0304,False
7236707,F4,0000899140-07-000142,2007-02-05,2007-02-01,,99047,trinitech systems inc,899140,willkie farr & gallagher,NYFX,False
976,F4,0001998826-25-000014,2025-06-18,2025-06-16,,936395,ciena corp,1998826,gage brodie,X0508,False
11364044,F10Q,0001063393-03-000008,2003-08-13,,,0,unknown,1063393,great lakes reit,,True
2844331,F4,0001834584-25-000097,2025-06-02,2025-05-29,,1849248,anand gaurav,1834584,"coupang, inc.",X0508,True
6213299,F4,0000854395-03-000031,2003-10-07,2003-10-02,,1205178,hawkins larry j,854395,first financial service corp,X0201,True
9395788,F8K,0001193125-05-011183,2005-01-25,,,0,unknown,1193125,unknown,,False
4775759,F4,0001181431-05-041226,2005-07-20,2005-07-18,,56679,korn ferry international,1181431,unknown,KFY,False
535393,F4,0001144519-22-000263,2022-12-06,2022-12-02,,1582855,browner carol m.,1144519,bungeltd,BG,False
8120686,F4,0001209191-07-007406,2007-02-05,2007-02-01,,48898,hubbell inc,1209191,unknown,,False
333314,F4,0001628280-21-011049,2021-05-25,2021-05-20,,1299969,"comstock homebuilding companies, inc.",1628280,unknown,CHCI,False
2884085,F4,0001019687-12-002477,2012-07-23,2012-07-18,,1357531,"velatel global communications, inc.",1019687,unknown,VELA,False
11515826,F10Q,0001140361-10-033483,2010-08-16,,,0,unknown,1140361,edgarfilings ltd,,True
9199268,F4,0000950170-24-041923,2024-04-04,,,1525769,"dave & buster's entertainment, inc.",950170,unknown,X0508,False
7131274,F4,0001209191-21-032475,2021-05-13,2021-05-12,,1116942,ttm technologies inc,1209191,unknown,TTMI,False
1360766,F4,0001209191-14-031205,2014-05-05,2014-05-02,,882835,roper technologies inc,1209191,unknown,ROP,False
6859581,F4,0001181431-09-038279,2009-08-06,2009-08-04,,1091748,pxre group ltd,1181431,unknown,X0303,False
4471573,F4,0001056667-05-000001,2005-03-24,,,95552,superior industries international inc,1056667,colburn philip w,SUP,False
4536939,F4,0001209191-08-029372,2008-05-13,2008-05-09,,85408,rowan companies plc,1209191,unknown,RDC,False
24807,F4,0001226579-06-000144,2006-06-28,2006-06-27,,29644,donaldson co inc,1226579,linnell norman c,DCI,False
1468852,F4,0001209191-11-009682,2011-02-15,2011-02-11,,101830,sprint nextel corp,1209191,unknown,X0303,False
11348059,F10Q,0001002014-09-000458,2009-06-04,,,0,unknown,1002014,unknown,,False
32602,F4,0001127602-11-020353,2011-07-01,2011-06-30,,1161154,sunoco logistics partners lp,1127602,restricted stock systems inc,X0303,True
680256,F4,0001415889-25-007217,2025-03-06,2025-03-04,,1075531,priceline group inc.,1415889,"sec connect, llc",X0508,True
6433675,F4,0001209191-17-027957,2017-04-24,2017-04-20,,18349,synovus financial corp,1209191,unknown,SNV,False
9110904,F4,0001127602-15-028438,2015-10-02,2015-09-30,,918160,cleveland-cliffs steel holding corp,1127602,restricted stock systems inc,AKS,True
11683949,F10Q,0001104659-05-039619,2005-08-15,,,0,unknown,1104659,toppan merrill/fa,,False
3746822,F4,0000089439-22-000016,2022-03-01,2022-02-28,,1693996,miritello christopher john,89439,mueller industries inc,MLI,True
11605255,F10Q,0001213900-24-067989,2024-08-13,,,0,unknown,1213900,unknown,,False
9177999,F4,0001230295-11-000002,2011-01-03,2010-12-30,,351077,"citizens republic bancorp, inc.",1230295,unknown,X0303,False
1323480,F4,0001530950-19-000008,2019-01-03,2018-12-31,,1539989,callison edwin h,1530950,"post holdings, inc.",POST,True
10884794,F8K,0001193125-17-079543,2017-03-13,,,0,unknown,1193125,unknown,,False
